<keymap version="1" name="Rider copy" parent="Rider">
  <action id="CloseContent">
    <keyboard-shortcut first-keystroke="ctrl f4" />
    <keyboard-shortcut first-keystroke="ctrl w" />
  </action>
  <action id="CompareClipboardWithSelection">
    <keyboard-shortcut first-keystroke="ctrl alt back_slash" />
  </action>
  <action id="EditorDeleteToWordStart" />
  <action id="EditorSelectWord" />
  <action id="Git.ResolveConflicts">
    <keyboard-shortcut first-keystroke="shift ctrl q" />
  </action>
  <action id="JumpToLastChange">
    <keyboard-shortcut first-keystroke="ctrl back_space" />
  </action>
  <action id="RecentFiles" />
  <action id="ReopenClosedTab">
    <keyboard-shortcut first-keystroke="ctrl e" />
  </action>
  <action id="Rider.Plugins.FSharp.DebugInFsi" />
  <action id="SplitVertically">
    <keyboard-shortcut first-keystroke="shift ctrl x" />
  </action>
  <action id="Vcs.ShowMessageHistory">
    <keyboard-shortcut first-keystroke="ctrl m" />
  </action>
</keymap>