<keymap version="1" name="Visual Studio copy" parent="Visual Studio">
  <action id="ChangeSignature" />
  <action id="ChangesView.Rename">
    <keyboard-shortcut first-keystroke="f2" />
  </action>
  <action id="CompareClipboardWithSelection">
    <keyboard-shortcut first-keystroke="ctrl alt open_bracket" />
  </action>
  <action id="DatabaseView.MoveToGroup" />
  <action id="EditorToggleShowWhitespaces" />
  <action id="ExtractMethod" />
  <action id="Git.CompareWithBranch">
    <keyboard-shortcut first-keystroke="ctrl alt close_bracket" />
  </action>
  <action id="Git.Reword.Commit">
    <keyboard-shortcut first-keystroke="f2" />
  </action>
  <action id="Inline" />
  <action id="IntroduceField" />
  <action id="IntroduceParameter" />
  <action id="IntroduceVariable" />
  <action id="ModifyObject" />
  <action id="Move" />
  <action id="NextProjectWindow" />
  <action id="PreviousProjectWindow" />
  <action id="RenameElement">
    <keyboard-shortcut first-keystroke="shift f6" />
  </action>
  <action id="Replace">
    <keyboard-shortcut first-keystroke="ctrl r" />
  </action>
  <action id="RiderUnitTestRunContextTwAction">
    <keyboard-shortcut first-keystroke="shift enter" />
  </action>
  <action id="SafeDelete">
    <keyboard-shortcut first-keystroke="alt delete" />
  </action>
  <action id="ShelvedChanges.Rename">
    <keyboard-shortcut first-keystroke="f2" />
  </action>
</keymap>